date,hours,deepsleep,lenadjust,noise,cycles,snore
29/7/2019 00:00,6.452666667,0.441151322,-74.26666667,0.020967258,8.333333333,17.5
30/7/2019 00:00,6.824,0.445795507,-75.93333333,0.021098853,8,36.92307692
31/7/2019 00:00,7.112,0.442192175,-82,0.022235196,7.928571429,36.42857143
1/8/2019 00:00,7.4,0.461446677,-76.46666667,0.020728343,8.5,36.42857143
2/8/2019 00:00,7.356666667,0.43645241,-71.86666667,0.020446698,7.785714286,36.42857143
3/8/2019 00:00,7.498666667,0.418000096,-68.93333333,0.020874296,7.785714286,36.42857143
4/8/2019 00:00,7.842,0.414557396,-65.13333333,0.022467184,7.928571429,38.57142857
5/8/2019 00:00,7.754666667,0.427400803,-60.73333333,0.022513223,8.071428571,38.57142857
6/8/2019 00:00,7.779333333,0.487327404,-61.53333333,0.02298896,8.285714286,40.71428571
7/8/2019 00:00,7.850666667,0.471981769,-62.2,0.022506138,7.866666667,40
8/8/2019 00:00,7.724666667,0.45491918,-62.2,0.021839242,7.533333333,40
9/8/2019 00:00,7.662666667,0.46581039,-54.53333333,0.022259275,7.4,40
10/8/2019 00:00,7.874666667,0.45164999,-48.33333333,0.02319267,7.4,38
11/8/2019 00:00,8.049333333,0.451584114,-44.13333333,0.022165395,7.666666667,38
12/8/2019 00:00,7.98,0.465247776,-33.06666667,0.023104791,7.8,36
13/8/2019 00:00,8.017333333,0.470541898,-21.66666667,0.022226546,8.133333333,40
14/8/2019 00:00,8.140666667,0.47921211,-20.66666667,0.022107729,8.533333333,22
15/8/2019 00:00,8.263333333,0.484824824,-15.26666667,0.022197323,9.066666667,20
16/8/2019 00:00,8.166,0.463032887,-16.73333333,0.022454812,8.866666667,22
17/8/2019 00:00,8.354666667,0.482959509,-16.4,0.023267093,9.2,28
18/8/2019 00:00,8.398666667,0.478993987,-14,0.024227897,8.866666667,34
19/8/2019 00:00,8.284666667,0.49960938,-14.66666667,0.026487681,9,34
20/8/2019 00:00,8.393333333,0.481161162,-15,0.027416429,8.8,34
21/8/2019 00:00,8.42,0.464494495,-14.53333333,0.027346365,9.266666667,38
22/8/2019 00:00,8.378666667,0.458051225,-14.53333333,0.02956291,9.533333333,36
23/8/2019 00:00,8.552666667,0.478747478,-16.8,0.030379824,9.666666667,28
24/8/2019 00:00,8.676666667,0.467791144,-17.13333333,0.031477664,10.13333333,30
25/8/2019 00:00,8.688666667,0.467600668,-15.8,0.030423179,9.866666667,34
26/8/2019 00:00,8.526666667,0.465306296,-15.8,0.031806894,9.933333333,34
27/8/2019 00:00,8.693333333,0.447145281,-21.06666667,0.030362828,9.666666667,42
28/8/2019 00:00,8.590666667,0.423354431,-21.06666667,0.030387387,9.066666667,38
29/8/2019 00:00,8.521333333,0.400508431,-21.06666667,0.030667145,8.6,40
30/8/2019 00:00,8.521333333,0.397237879,-21.46666667,0.028744434,7.933333333,44
31/8/2019 00:00,8.398666667,0.41315993,-19,0.028544833,7.733333333,48
1/9/2019 00:00,8.254,0.415703424,-18.66666667,0.027844083,7.785714286,45
2/9/2019 00:00,8.027333333,0.450858133,-18.26666667,0.026435772,7.928571429,42.85714286
3/9/2019 00:00,7.916666667,0.439887018,-17.6,0.023001729,7.5,47.14285714
4/9/2019 00:00,7.920666667,0.449318063,-17.6,0.022524926,7.714285714,49.28571429
5/9/2019 00:00,8.088,0.421512693,-18.2,0.024094112,7.642857143,47.14285714
6/9/2019 00:00,7.953333333,0.417741156,-18.2,0.022540316,7.428571429,47.14285714
7/9/2019 00:00,7.900666667,0.397032559,-17.13333333,0.021901576,7.214285714,60
8/9/2019 00:00,8.102666667,0.397697509,-16.8,0.021563359,7.071428571,66.42857143
9/9/2019 00:00,7.946666667,0.432459414,-17.26666667,0.021333208,7.642857143,60
10/9/2019 00:00,8.104666667,0.445800303,-17.53333333,0.02141999,7.428571429,60
11/9/2019 00:00,8.018666667,0.429693515,-12.26666667,0.022925986,7.214285714,51.42857143
12/9/2019 00:00,8.336,0.440925397,-11.93333333,0.023341994,7.428571429,51.42857143
13/9/2019 00:00,8.494666667,0.465188436,-12.26666667,0.022129279,7.785714286,51.42857143
14/9/2019 00:00,8.302,0.461466801,-11.53333333,0.023272523,8,51.42857143
15/9/2019 00:00,8.797333333,0.453033633,-12.8,0.023274855,8.714285714,74.5
17/9/2019 00:00,8.716666667,0.458172757,-13.46666667,0.023177367,8.866666667,69.53333333
18/9/2019 00:00,8.787333333,0.453318687,-13.86666667,0.023352013,8.866666667,69.53333333
19/9/2019 00:00,8.972,0.453408193,-14.26666667,0.023429169,9,63.53333333
20/9/2019 00:00,9.054666667,0.463813837,-15.26666667,0.022264408,8.666666667,61.53333333
21/9/2019 00:00,9.05,0.462043926,-15,0.023513983,8.4,91.53333333
22/9/2019 00:00,9.386666667,0.478486487,-14.8,0.023267341,9,99.53333333
23/9/2019 00:00,9.33,0.489161616,-13.93333333,0.024246724,9.2,87.53333333
24/9/2019 00:00,9.105333333,0.485472215,-14.33333333,0.022669455,9.133333333,79.53333333
25/9/2019 00:00,8.982666667,0.483694437,-13.86666667,0.023309072,8.933333333,79.53333333
26/9/2019 00:00,9.034,0.476359653,-14.93333333,0.022093064,9,307.5333333
27/9/2019 00:00,8.97,0.498415261,-14.93333333,0.021332928,9.266666667,897.5333333
28/9/2019 00:00,8.584666667,0.495960843,-15.6,0.020578354,9.066666667,901.5333333
29/9/2019 00:00,8.674,0.465996379,-15.26666667,0.021060443,8.933333333,909.5333333
30/9/2019 00:00,8.628666667,0.460258332,-15.6,0.020320829,8.8,1001.533333
1/10/2019 00:00,8.163333333,0.469319223,-14.33333333,0.020492102,8.333333333,974
2/10/2019 00:00,8.224,0.475536296,-14.33333333,0.019666046,8.133333333,990
3/10/2019 00:00,8.252,0.475492407,-14.6,0.020804053,8.2,992
4/10/2019 00:00,7.960666667,0.472065263,-15,0.020489021,8.266666667,1014
5/10/2019 00:00,7.902,0.471493146,-14.33333333,0.020990883,8.466666667,1014
6/10/2019 00:00,7.910666667,0.491552143,-14.8,0.018930329,9,982
7/10/2019 00:00,7.687333333,0.504664788,-15.73333333,0.018173818,8.6,974
8/10/2019 00:00,7.444,0.500591711,-15.4,0.017050069,8.4,974
9/10/2019 00:00,7.526666667,0.51139887,-17.26666667,0.017140798,8.466666667,1098
10/10/2019 00:00,7.848,0.496686226,-18.33333333,0.017101772,8.4,1102
11/10/2019 00:00,8.025333333,0.487166477,-18.6,0.019176669,8.666666667,918
12/10/2019 00:00,8.011333333,0.489496549,-18.26666667,0.017829388,8.714285714,328
13/10/2019 00:00,8.31,0.499087319,-17.66666667,0.018829326,9.285714286,332
14/10/2019 00:00,8.172,0.529544471,-17.33333333,0.018533079,9.571428571,322
15/10/2019 00:00,8.175333333,0.550423592,-17.2,0.018140325,9.928571429,226
16/10/2019 00:00,8.124666667,0.546229028,-16.86666667,0.01799185,9.571428571,232
17/10/2019 00:00,8.321333333,0.542149631,-16.6,0.018883267,9.642857143,216
18/10/2019 00:00,8.118666667,0.55426201,-15.6,0.016921998,9.428571429,210
19/10/2019 00:00,8.207333333,0.552493246,-14.46666667,0.016566309,9.357142857,202
20/10/2019 00:00,8.302,0.538215829,-13.8,0.01591204,9.714285714,202
21/10/2019 00:00,8.142,0.552404297,-13.13333333,0.014811981,9.357142857,206
22/10/2019 00:00,8.290666667,0.549725233,-12.53333333,0.014723133,9.571428571,206
23/10/2019 00:00,8.424,0.560483022,-12.26666667,0.014737774,9.714285714,206
24/10/2019 00:00,8.560666667,0.537057805,-9.733333333,0.014614174,9.357142857,88
25/10/2019 00:00,8.443333333,0.519704469,-8.333333333,0.013894927,9.142857143,118
26/10/2019 00:00,8.024666667,0.522459685,-6.466666667,0.011413385,8.571428571,74
27/10/2019 00:00,8.090666667,0.518340651,-6.8,0.012213802,8.466666667,76
28/10/2019 00:00,7.764,0.519215001,-6.8,0.011776888,8.133333333,68
29/10/2019 00:00,7.788,0.517231865,-9.133333333,0.011475612,8,68
30/10/2019 00:00,7.860666667,0.500479727,-9,0.011665974,7.666666667,68
31/10/2019 00:00,8.406,0.490328562,-9.4,0.011526991,8.266666667,80
1/11/2019 00:00,7.846666667,0.484904527,-9,0.010722279,8.214285714,85.71428571
2/11/2019 00:00,8.076666667,0.452412018,-9.066666667,0.011109301,8.285714286,240
3/11/2019 00:00,8.190666667,0.447434271,-9.066666667,0.011202856,8.642857143,225
4/11/2019 00:00,8.1,0.450078556,-9.8,0.010930289,8.285714286,237.8571429
5/11/2019 00:00,8.1,0.450126334,-9.666666667,0.010898475,8.357142857,231.4285714
6/11/2019 00:00,8.540666667,0.447330351,-10.4,0.011379418,9,235.7142857
7/11/2019 00:00,8.121333333,0.429862024,-10,0.011335112,8.923076923,253.8461538
8/11/2019 00:00,7.694666667,0.4572714,-9.933333333,0.01120359,8.615384615,246.9230769
9/11/2019 00:00,7.506666667,0.467143881,-10,0.011244594,8.538461538,214.6153846
10/11/2019 00:00,8.032666667,0.466899967,-10,0.011484193,9.153846154,316.1538462
11/11/2019 00:00,8.210666667,0.436221621,-9.733333333,0.011648484,8.769230769,313.8461538
12/11/2019 00:00,8.278,0.436865803,-9.666666667,0.010955154,9.076923077,364.6153846
13/11/2019 00:00,8.166,0.425309985,-7.4,0.011660535,9.076923077,366.9230769
14/11/2019 00:00,8.658666667,0.409640469,-7.333333333,0.011901123,8.846153846,399.2307692
15/11/2019 00:00,8.113333333,0.414344977,-8.133333333,0.012163609,8.230769231,378.4615385
16/11/2019 00:00,8.358666667,0.419857864,-8.8,0.012478935,8.071428571,368.5714286
17/11/2019 00:00,8.316,0.42007028,-8.8,0.012961766,8,220.7142857
18/11/2019 00:00,8.382666667,0.41996204,-8.866666667,0.014257032,7.928571429,225
19/11/2019 00:00,8.295333333,0.416190178,-8.133333333,0.014598356,7.928571429,257.1428571
20/11/2019 00:00,8.480666667,0.396300445,-7.8,0.015286678,7.857142857,272.1428571
21/11/2019 00:00,8.088,0.386029642,-7,0.016215926,7.285714286,310.7142857
22/11/2019 00:00,8.568,0.400545906,-7.333333333,0.015810456,7.066666667,320
23/11/2019 00:00,8.850666667,0.383051815,-9.133333333,0.015785718,7.466666667,420
25/11/2019 00:00,8.978,0.404965195,-9.066666667,0.016511253,8,424
26/11/2019 00:00,8.767333333,0.401252394,-9.733333333,0.01673822,7.866666667,340
27/11/2019 00:00,8.584,0.439764343,-10.46666667,0.019169726,8.4,340
28/11/2019 00:00,8.806666667,0.441522585,-10.8,0.019861762,8.2,304
29/11/2019 00:00,8.676,0.45220141,-11.2,0.02034184,8.2,302
30/11/2019 00:00,8.256,0.470226101,-11.53333333,0.020622465,8.6,274
1/12/2019 00:00,8.281333333,0.476300027,-10.33333333,0.020610407,8.6,278
2/12/2019 00:00,8.442666667,0.474807387,-10.26666667,0.020403806,8.8,266
3/12/2019 00:00,8.446666667,0.478931098,-10.53333333,0.020331753,8.933333333,260
4/12/2019 00:00,8.478666667,0.477959041,-11.73333333,0.020270021,9.066666667,256
5/12/2019 00:00,8.577333333,0.497759115,-11.86666667,0.020635774,9.4,214
6/12/2019 00:00,8.377333333,0.506021864,-11.86666667,0.020086212,9.4,202
7/12/2019 00:00,8.326,0.512211524,-11.46666667,0.018774278,9.333333333,204
8/12/2019 00:00,8.213333333,0.513626617,-13.06666667,0.019124587,9.8,194
9/12/2019 00:00,8.21,0.516979293,-11.33333333,0.019343822,9.533333333,140
10/12/2019 00:00,8.316,0.49917324,-11.73333333,0.019115641,9.533333333,132
11/12/2019 00:00,8.267333333,0.505034755,-11.4,0.019127449,9.4,130
12/12/2019 00:00,8.336,0.496317225,-10.6,0.016581831,9.2,134
13/12/2019 00:00,8.180666667,0.485035172,-10.86666667,0.01617327,9.133333333,128
14/12/2019 00:00,8.482666667,0.475154219,-10.73333333,0.015554246,9.266666667,128
15/12/2019 00:00,8.719333333,0.479830835,-10.73333333,0.015503885,9.666666667,128
16/12/2019 00:00,8.868,0.476145902,-11.8,0.015525517,9.733333333,124
17/12/2019 00:00,8.791333333,0.468901189,-12.26666667,0.015741366,9.666666667,182
18/12/2019 00:00,8.967333333,0.470562128,-12.73333333,0.015442237,9.866666667,242
19/12/2019 00:00,8.808,0.463205909,-11.8,0.014791753,9.533333333,242
20/12/2019 00:00,8.557333333,0.46184887,-11.66666667,0.014312606,8.866666667,252
21/12/2019 00:00,8.503333333,0.467919557,-11.93333333,0.014297904,8.866666667,252
22/12/2019 00:00,8.535333333,0.486908637,-12,0.014437224,9.066666667,214
23/12/2019 00:00,8.815333333,0.47506653,-11.06666667,0.014118026,8.8,200
24/12/2019 00:00,8.802,0.476013499,-11.33333333,0.013829983,9.133333333,154
25/12/2019 00:00,8.678666667,0.494410629,-10.93333333,0.013732582,9.266666667,378
26/12/2019 00:00,8.767333333,0.509529859,-11.86666667,0.013931516,9.2,376
27/12/2019 00:00,8.709333333,0.508945061,-14.86666667,0.015651851,9.4,372
28/12/2019 00:00,8.894,0.518127448,-14.26666667,0.016098191,9.733333333,386
29/12/2019 00:00,8.611333333,0.512841378,-13.93333333,0.016222936,9.4,386
30/12/2019 00:00,8.241333333,0.515328941,-13.6,0.016387784,8.933333333,386
31/12/2019 00:00,7.918,0.523196361,-12.53333333,0.015784672,8.866666667,392
1/1/2020 00:00,7.982,0.525282193,-13.13333333,0.015485878,8.933333333,330
2/1/2020 00:00,7.622666667,0.532171082,-12.33333333,0.015007652,8.4,270
9/1/2020 00:00,7.4,0.551003409,-12.33333333,0.014725459,8.357142857,289.2857143
10/1/2020 00:00,7.698,0.530906975,-12.73333333,0.015578505,9.071428571,278.5714286
11/1/2020 00:00,8.085333333,0.507221998,-14.06666667,0.016076894,8.857142857,527.1428571
12/1/2020 00:00,8.072,0.487932188,-14.66666667,0.016571828,8.785714286,522.8571429
13/1/2020 00:00,7.814,0.490368838,-14,0.016844086,9.071428571,516.4285714
14/1/2020 00:00,7.952,0.483385294,-14.46666667,0.017084849,9.142857143,516.4285714
15/1/2020 00:00,8.011333333,0.478340498,-14.46666667,0.017030691,9,274.2857143
16/1/2020 00:00,7.764,0.45029325,-14.13333333,0.016719221,8.928571429,274.2857143
17/1/2020 00:00,7.777333333,0.437538148,-11.86666667,0.014616956,8.714285714,274.2857143
18/1/2020 00:00,7.815333333,0.438810991,-12.33333333,0.013927338,8.714285714,257.1428571
19/1/2020 00:00,8.151333333,0.455741644,-12.8,0.014920712,9.142857143,257.1428571
20/1/2020 00:00,8.345333333,0.43976458,-12.93333333,0.014680537,9.142857143,257.1428571
22/1/2020 00:00,8.383333333,0.42980564,-12.6,0.015333283,9.307692308,270
23/1/2020 00:00,7.846,0.432976729,-10.93333333,0.015591473,9.333333333,292.5
25/1/2020 00:00,8.221333333,0.425065523,-10.6,0.016577599,9.818181818,319.0909091
27/1/2020 00:00,8.01,0.425065523,-9.933333333,0.016577599,9.818181818,319.0909091
28/1/2020 00:00,8.228666667,0.421679388,-42.86666667,0.016694127,9.272727273,319.0909091
29/1/2020 00:00,7.710666667,0.426762477,-41.93333333,0.01614292,9.090909091,0
30/1/2020 00:00,7.505333333,0.445200968,-41.26666667,0.015473624,9.090909091,0
31/1/2020 00:00,7.663333333,0.448752459,-43,0.015723439,8.727272727,0
1/2/2020 00:00,7.399333333,0.434682989,-42.06666667,0.015764805,7.818181818,0
2/2/2020 00:00,7.509333333,0.440699395,-42.46666667,0.015802938,7.909090909,0
3/2/2020 00:00,7.446,0.453979949,-41.46666667,0.015578086,7.909090909,0
4/2/2020 00:00,7.547333333,0.479134696,-40.73333333,0.016801473,8.363636364,0
5/2/2020 00:00,7.277333333,0.472216191,-40.73333333,0.017786433,7.818181818,0
6/2/2020 00:00,7.018666667,0.464608936,-40.6,0.016467389,8.090909091,0
7/2/2020 00:00,6.79,0.4897195,-41.13333333,0.015578376,7.727272727,0
8/2/2020 00:00,7.092,0.50185072,-41.46666667,0.015536533,8.083333333,0
9/2/2020 00:00,7.794666667,0.502150445,-41.8,0.015285529,8.230769231,0
10/2/2020 00:00,7.407333333,0.506605134,-42.13333333,0.014808483,8.285714286,0
11/2/2020 00:00,7.741333333,0.520238865,-42.46666667,0.015091092,8.6,0
12/2/2020 00:00,7.674666667,0.532342041,-11.33333333,0.014217599,8.866666667,0
13/2/2020 00:00,8.533333333,0.538712698,-11.8,0.015154287,10.33333333,0
14/2/2020 00:00,8.363333333,0.53140463,-12.13333333,0.015338027,10.28571429,0
15/2/2020 00:00,8.555333333,0.53658144,-10.73333333,0.015651572,10.5,0
16/2/2020 00:00,8.700666667,0.55484529,-10.93333333,0.015728488,10.78571429,0
17/2/2020 00:00,8.584666667,0.549841843,-11.33333333,0.015598704,10.28571429,0
18/2/2020 00:00,8.758,0.565900913,-11.33333333,0.015789694,10.64285714,0
19/2/2020 00:00,8.767333333,0.54987281,-11.33333333,0.015186586,10.35714286,0
20/2/2020 00:00,8.801333333,0.56119274,-10.73333333,0.014577867,10.5,0
21/2/2020 00:00,9.162,0.568835483,-12.46666667,0.01460582,10.35714286,0
22/2/2020 00:00,9.41,0.55228964,-12.46666667,0.014660457,10.5,0
23/2/2020 00:00,9.211333333,0.553736883,-12.46666667,0.014427497,10.57142857,0
24/2/2020 00:00,8.964,0.544948949,-13.86666667,0.01452329,10.21428571,0
25/2/2020 00:00,9.146666667,0.551242913,-13.86666667,0.01499935,10.57142857,0
26/2/2020 00:00,9.252666667,0.537537178,-13.93333333,0.01553296,10.35714286,0
27/2/2020 00:00,9.022,0.529453946,-11.6,0.015481894,10.07142857,0
28/2/2020 00:00,8.502666667,0.533953856,-10.46666667,0.015057418,9.142857143,0
29/2/2020 00:00,8.882,0.529380035,-10.33333333,0.015640163,9.2,0
1/3/2020 00:00,8.662666667,0.520614383,-10,0.015498896,9.4,0
2/3/2020 00:00,8.152,0.513868659,-9.6,0.017063116,9.066666667,0
3/3/2020 00:00,8.076,0.493498287,-8.8,0.016978099,8.933333333,0
4/3/2020 00:00,7.834,0.490199321,-9.466666667,0.016891282,8.4,0
5/3/2020 00:00,7.688666667,0.504945943,-9.466666667,0.016930148,8.733333333,0
6/3/2020 00:00,7.784,0.501647589,-13.13333333,0.017097944,8.933333333,0
7/3/2020 00:00,7.433333333,0.489807302,-12,0.017288617,8.6,0
8/3/2020 00:00,7.384,0.504796189,-11,0.018796436,9.066666667,0
9/3/2020 00:00,7.252,0.490385415,-11,0.01924826,8.733333333,0
10/3/2020 00:00,7.14,0.496665883,-9.6,0.019149365,8.8,0
11/3/2020 00:00,7.357333333,0.481985939,-10.26666667,0.019010317,8.333333333,0
12/3/2020 00:00,7.210666667,0.475298479,-10.2,0.0182693,8.2,0
13/3/2020 00:00,7.379333333,0.480511039,-11.93333333,0.019348821,8.6,0
14/3/2020 00:00,7.394,0.469059962,-12.06666667,0.019740077,8.733333333,0
15/3/2020 00:00,7.480666667,0.467370193,-12.26666667,0.018624063,8.6,0
16/3/2020 00:00,7.328,0.484036857,-12.26666667,0.017962787,8.066666667,0
17/3/2020 00:00,7.974666667,0.490945839,-13.4,0.015796143,8.666666667,0
18/3/2020 00:00,7.879333333,0.505968871,-14.06666667,0.015803285,8.933333333,0
19/3/2020 00:00,8.196666667,0.496599501,-13.4,0.015605269,9.266666667,0
20/3/2020 00:00,8.362,0.492024774,-13.4,0.016532561,9.4,0
21/3/2020 00:00,8.422,0.478339563,-9.866666667,0.016335799,9.333333333,0
22/3/2020 00:00,8.560666667,0.48110648,-8.933333333,0.016350581,9.6,0
23/3/2020 00:00,8.636666667,0.444227047,-44.66666667,0.015393591,8.733333333,0
24/3/2020 00:00,8.886,0.453317955,-44.66666667,0.015121328,9.2,0
25/3/2020 00:00,9.031333333,0.453407141,-44.66666667,0.014830308,9.133333333,0
26/3/2020 00:00,9.016666667,0.455395921,-44,0.014987014,9.333333333,0
27/3/2020 00:00,8.874666667,0.461386125,-44,0.015019525,9.333333333,0
28/3/2020 00:00,8.698666667,0.465691312,-42.73333333,0.014000272,9.266666667,0
29/3/2020 00:00,8.696666667,0.472621199,-42.93333333,0.013152395,9.133333333,0
30/3/2020 00:00,8.613333333,0.471448785,-42.6,0.014418132,9.4,0
31/3/2020 00:00,8.735333333,0.446908512,-43,0.014603371,9.666666667,0
1/4/2020 00:00,8.497333333,0.426003535,-44.2,0.014979176,9.2,0
2/4/2020 00:00,8.704,0.430764846,-43.2,0.015293461,9.4,0
3/4/2020 00:00,8.664666667,0.447523776,-44.8,0.015775397,9.2,0
4/4/2020 00:00,8.595333333,0.450977722,-44.8,0.015003603,8.733333333,0
5/4/2020 00:00,8.504666667,0.460281034,-45.86666667,0.015289982,8.733333333,0
6/4/2020 00:00,8.259333333,0.476897779,-45.86666667,0.014460618,8.266666667,0
7/4/2020 00:00,8.302666667,0.489120002,-12.6,0.014117,8.4,0
8/4/2020 00:00,7.938666667,0.476226361,-12.6,0.013961957,7.666666667,0
9/4/2020 00:00,8.13,0.47335465,-12.6,0.015412799,8.133333333,0
10/4/2020 00:00,7.928,0.467193593,-14.06666667,0.015297723,8.266666667,0
11/4/2020 00:00,8.052666667,0.464108796,-14.06666667,0.014883418,8.333333333,0
12/4/2020 00:00,8.058,0.459221722,-15,0.014767903,8,2
13/4/2020 00:00,7.933333333,0.468480979,-16.66666667,0.014363087,7.533333333,2
14/4/2020 00:00,7.852,0.48074559,-16.6,0.013755592,7.333333333,2
15/4/2020 00:00,7.783333333,0.496738855,-16.2,0.013399571,7.333333333,4
16/4/2020 00:00,8.054,0.513926876,-14.26666667,0.013644984,8,4
17/4/2020 00:00,8.005333333,0.522134739,-14.6,0.013534274,8.133333333,4
18/4/2020 00:00,7.993333333,0.509607565,-13,0.013420414,8.4,4
19/4/2020 00:00,8.006,0.522116952,-13,0.013339274,8.533333333,4
20/4/2020 00:00,8.163333333,0.525601802,-11.93333333,0.01305421,8.8,4
21/4/2020 00:00,8.378,0.516944773,-12.53333333,0.01376093,9.4,8
22/4/2020 00:00,8.15,0.520306966,-10.4,0.013652288,9.533333333,8
23/4/2020 00:00,8.708,0.537135609,-11.06666667,0.013727199,10.2,8
24/4/2020 00:00,8.626,0.553321003,-11.73333333,0.013218982,9.733333333,8
25/4/2020 00:00,8.572,0.566759689,-10.6,0.012946059,9.533333333,8
26/4/2020 00:00,8.733333333,0.586690883,-10.6,0.0132453,9.6,8
27/4/2020 00:00,8.968666667,0.556936866,-9.333333333,0.013021925,9.2,6
28/4/2020 00:00,9.085333333,0.560006606,-7.333333333,0.013872874,9.466666667,6
29/4/2020 00:00,8.841333333,0.556362684,-7.333333333,0.013194017,9.2,6
30/4/2020 00:00,8.751333333,0.550807131,-7.333333333,0.013394666,9,4
1/5/2020 00:00,8.63,0.559937195,-7.733333333,0.013044591,9,4
2/5/2020 00:00,8.789333333,0.557248168,-7.733333333,0.013564883,9.066666667,4
3/5/2020 00:00,8.963333333,0.553052448,-7.733333333,0.013180575,9,4
4/5/2020 00:00,8.866,0.538668061,-8.066666667,0.012852232,9.066666667,4
5/5/2020 00:00,8.73,0.538015888,-8.066666667,0.012918294,8.666666667,4
6/5/2020 00:00,8.595333333,0.543130521,-7.466666667,0.013073924,8.666666667,0
7/5/2020 00:00,8.800666667,0.578423299,-7.466666667,0.013564664,9.266666667,0
8/5/2020 00:00,8.622666667,0.551536551,-6.8,0.013782575,9,0
9/5/2020 00:00,8.554,0.551990984,-6.133333333,0.012914053,9.6,0
10/5/2020 00:00,8.746666667,0.552784631,-5.8,0.013441813,9.933333333,0
11/5/2020 00:00,8.65,0.539382744,-5.8,0.013955635,10.06666667,0
12/5/2020 00:00,8.411333333,0.570780594,-5.8,0.014046317,10.6,0
13/5/2020 00:00,8.333333333,0.540550362,-6.266666667,0.013471085,10,0
14/5/2020 00:00,8.657333333,0.541268753,-6.266666667,0.013537586,10.33333333,0
15/5/2020 00:00,8.781333333,0.512283245,-6.666666667,0.014008106,10.13333333,0
16/5/2020 00:00,8.780666667,0.481376473,-8.466666667,0.014125045,9.4,0
17/5/2020 00:00,8.714666667,0.475301033,-8.466666667,0.013255313,9.333333333,0
18/5/2020 00:00,8.612666667,0.453725276,-9.133333333,0.012867633,8.8,0
19/5/2020 00:00,8.730666667,0.456115849,-8.8,0.013294549,8.933333333,0
20/5/2020 00:00,8.945333333,0.452778123,-9.533333333,0.013650469,9.666666667,2
21/5/2020 00:00,9.022,0.447736107,-9.866666667,0.014264237,9.333333333,2
22/5/2020 00:00,9.017333333,0.411608176,-9.866666667,0.014450763,8.8,2
23/5/2020 00:00,9.109333333,0.416251843,-10.2,0.014301866,9,2
24/5/2020 00:00,8.971333333,0.389777752,-10.2,0.014951999,8.466666667,2
25/5/2020 00:00,8.990666667,0.399813599,-10.2,0.014892843,8.466666667,2
26/5/2020 00:00,8.840666667,0.412988592,-10.2,0.014225603,7.866666667,4
27/5/2020 00:00,8.89,0.393327575,-10.2,0.014738973,7.6,4
28/5/2020 00:00,8.978,0.411261298,-9.733333333,0.015249627,8.466666667,4
29/5/2020 00:00,8.78,0.411261298,-9.733333333,0.016247098,8.466666667,4
30/5/2020 00:00,9.012,0.464624914,-9.333333333,0.016805623,9.066666667,6
31/5/2020 00:00,9.099333333,0.458494646,-7.2,0.016924548,8.933333333,6
1/6/2020 00:00,9.198666667,0.424452093,-7.2,0.018254454,8.2,6
2/6/2020 00:00,9.034666667,0.460288721,-6.533333333,0.019460583,8.733333333,6
3/6/2020 00:00,9.067333333,0.427453703,-6.533333333,0.019368085,8.066666667,6
4/6/2020 00:00,8.84,0.443289481,-6.4,0.018835092,7.733333333,4
5/6/2020 00:00,8.692666667,0.446611924,-6.066666667,0.019161521,7.933333333,4
6/6/2020 00:00,8.608,0.482135885,-6.333333333,0.018569349,8.066666667,4
7/6/2020 00:00,8.338666667,0.523035738,-6,0.018631243,7.333333333,4
8/6/2020 00:00,8.231333333,0.524772689,-7.4,0.017872776,7.333333333,4
9/6/2020 00:00,7.96,0.523847956,-7.733333333,0.017978639,7.066666667,4
10/6/2020 00:00,8.180666667,0.525737507,-7.666666667,0.018059945,7.6,2
11/6/2020 00:00,8.443333333,0.559186404,-7.8,0.017900886,7.933333333,2
12/6/2020 00:00,8.423333333,0.564013624,-7.8,0.017858786,7.8,2
13/6/2020 00:00,8.574666667,0.57697481,-7.8,0.017863352,8,2
14/6/2020 00:00,8.428,0.55180305,-7.933333333,0.016690173,8,0
15/6/2020 00:00,8.204666667,0.572686584,-7.933333333,0.015999755,8.533333333,0
16/6/2020 00:00,8.016666667,0.614353251,-7.933333333,0.014832354,9.133333333,0
17/6/2020 00:00,7.898,0.6096556,-7.933333333,0.015216889,8.933333333,0
18/6/2020 00:00,7.581333333,0.643645018,-8.266666667,0.015032629,9.133333333,0
19/6/2020 00:00,7.877333333,0.631365347,-7.666666667,0.01539584,9.333333333,0
20/6/2020 00:00,7.730666667,0.642661642,-7.666666667,0.013773402,8.866666667,0
21/6/2020 00:00,7.556666667,0.626308171,-8.466666667,0.013863562,8.8,0
22/6/2020 00:00,7.7,0.61583761,-8.466666667,0.013928921,9.066666667,0
23/6/2020 00:00,8.392,0.638486932,-7.066666667,0.013992198,9.6,0
24/6/2020 00:00,8.530666667,0.629820265,-6.733333333,0.013544841,9.866666667,0
25/6/2020 00:00,8.691333333,0.614261767,-6.8,0.013921626,10.2,0
26/6/2020 00:00,8.504666667,0.612908344,-6.666666667,0.014885617,10.2,0
27/6/2020 00:00,8.498,0.628392167,-7.266666667,0.01453776,10.06666667,0
28/6/2020 00:00,8.475333333,0.615681983,-7.266666667,0.014326758,9.866666667,0
29/6/2020 00:00,8.456,0.640193582,-7.133333333,0.014856741,9.466666667,0
30/6/2020 00:00,8.560666667,0.661140114,-7,0.015985456,9.733333333,0
1/7/2020 00:00,8.467333333,0.670950241,-7,0.016003077,9.6,0
2/7/2020 00:00,8.769333333,0.689139597,-7,0.015106987,9.6,0
3/7/2020 00:00,8.836,0.703388051,-8.266666667,0.015117547,9.733333333,0
4/7/2020 00:00,8.573333333,0.718687164,-8.266666667,0.015493314,9.333333333,0
5/7/2020 00:00,8.838,0.686811417,-8.266666667,0.015883745,9.666666667,0
6/7/2020 00:00,8.908666667,0.705212337,-7.2,0.015981546,9.933333333,0
7/7/2020 00:00,8.829333333,0.701198516,-7.333333333,0.015923063,10.2,0
8/7/2020 00:00,8.19,0.678586542,-7.933333333,0.015992276,9.466666667,0
9/7/2020 00:00,8.166,0.673659044,-8.266666667,0.015715971,9,0
10/7/2020 00:00,7.860666667,0.667559588,-8.466666667,0.014936742,8.666666667,0
11/7/2020 00:00,7.687333333,0.625651446,-9.066666667,0.013773146,8.066666667,0
12/7/2020 00:00,7.682,0.6213573,-8.466666667,0.013972504,8.4,0
13/7/2020 00:00,7.498666667,0.60771977,-8.6,0.01317764,8.066666667,0
14/7/2020 00:00,7.482,0.604793903,-8.6,0.012972115,8.266666667,0
15/7/2020 00:00,7.424,0.610582885,-8.6,0.012628155,8.333333333,0
16/7/2020 00:00,7.422,0.612270649,-8.733333333,0.012266018,8.466666667,0
17/7/2020 00:00,7.315333333,0.591587252,-8.733333333,0.012137793,8.8,0
18/7/2020 00:00,7.329333333,0.543110065,-7.133333333,0.012010099,8.333333333,0
19/7/2020 00:00,7.388,0.534637152,-7.266666667,0.011237033,8.333333333,0
20/7/2020 00:00,7.154,0.546992204,-7.4,0.010679888,8.333333333,0
21/7/2020 00:00,7.274,0.499291992,-7.4,0.010928152,7.8,0
22/7/2020 00:00,7.2,0.499214263,-7.733333333,0.010503799,7.666666667,0
23/7/2020 00:00,7.552666667,0.531595215,-7.133333333,0.010507955,8.333333333,0
24/7/2020 00:00,7.575333333,0.542559753,-6.8,0.010737011,8.333333333,0
25/7/2020 00:00,7.694,0.563639594,-6.6,0.011172652,8.2,0
26/7/2020 00:00,7.654666667,0.566639849,-6,0.011748355,8.533333333,0
27/7/2020 00:00,7.452,0.561392935,-6.4,0.011656399,8.066666667,0
28/7/2020 00:00,7.568666667,0.579770306,-6.266666667,0.012044394,8.533333333,0
29/7/2020 00:00,7.56,0.584978226,-6.266666667,0.012507716,8.333333333,0
30/7/2020 00:00,7.69,0.542723162,-6.2,0.01242154,7.533333333,0
31/7/2020 00:00,7.896,0.515440958,-6.066666667,0.0129394,7.333333333,0
1/8/2020 00:00,7.874666667,0.529160138,-6.8,0.012738976,7.266666667,0
2/8/2020 00:00,7.84,0.567621679,-7.2,0.013054126,7.8,0
3/8/2020 00:00,7.622666667,0.560991179,-7.466666667,0.013038155,7.666666667,0
4/8/2020 00:00,7.916666667,0.568004749,-7.333333333,0.013579524,7.733333333,0
5/8/2020 00:00,7.822666667,0.60465413,-7.333333333,0.01326603,8.266666667,0
6/8/2020 00:00,8.042666667,0.599555183,-6.866666667,0.013105414,8.466666667,0
7/8/2020 00:00,7.668,0.605312757,-6.866666667,0.012861883,7.866666667,0
8/8/2020 00:00,7.718,0.611555283,-6.866666667,0.013183177,7.866666667,0
9/8/2020 00:00,7.618666667,0.606860682,-6.866666667,0.012941041,7.733333333,0
10/8/2020 00:00,7.942,0.634194328,-9.2,0.013367341,7.866666667,0
11/8/2020 00:00,8.217333333,0.638650888,-8.8,0.014119901,8.4,0
12/8/2020 00:00,8.532,0.645542757,-8.8,0.014159336,8.4,0
13/8/2020 00:00,8.612666667,0.644688957,-8.8,0.014059063,8.466666667,0
14/8/2020 00:00,8.534,0.694563069,-8.866666667,0.013393835,8.6,0
15/8/2020 00:00,8.702,0.732172779,-8.866666667,0.013973665,8.4,0
16/8/2020 00:00,8.604,0.738756969,-8.133333333,0.014294381,8,0
17/8/2020 00:00,8.71,0.748386595,-8.066666667,0.01403714,7.933333333,0
18/8/2020 00:00,9.06,0.755905391,-7.666666667,0.014807293,8.666666667,0
19/8/2020 00:00,9.118666667,0.763597701,-7.666666667,0.014713722,8.666666667,0
20/8/2020 00:00,9.013333333,0.760276578,-7.666666667,0.014306296,8.666666667,0
21/8/2020 00:00,8.826666667,0.781707125,-8.133333333,0.014455038,8.133333333,0
22/8/2020 00:00,9.036,0.777760251,-8.133333333,0.015174283,8.4,0
23/8/2020 00:00,8.961333333,0.780884191,-8.133333333,0.014882801,8.6,0
24/8/2020 00:00,9.158,0.777947408,-8.133333333,0.015016858,9,0
25/8/2020 00:00,9.094,0.782884292,-5.8,0.015510237,9.466666667,0
26/8/2020 00:00,8.569333333,0.787402727,-5.466666667,0.0149565,9,0
27/8/2020 00:00,8.255333333,0.773901544,-5.4,0.01481216,8.642857143,0
28/8/2020 00:00,8.216666667,0.76865478,-5.4,0.014776725,8.857142857,0
29/8/2020 00:00,8.218,0.758976056,-5.4,0.014959335,9.642857143,0
30/8/2020 00:00,7.878666667,0.756495063,-5.066666667,0.014388465,9.785714286,0
31/8/2020 00:00,7.976666667,0.753133717,-5.066666667,0.014616989,10.28571429,0
1/9/2020 00:00,7.988666667,0.74665006,-4.733333333,0.014556347,10.57142857,0
2/9/2020 00:00,7.742,0.714631811,-4.733333333,0.014313668,9.714285714,0
3/9/2020 00:00,7.742,0.718077926,-4.733333333,0.014731225,9.857142857,0
4/9/2020 00:00,7.974,0.747359061,-4.733333333,0.014961906,9.214285714,0
5/9/2020 00:00,7.988,0.730693969,-4.266666667,0.015601024,9.785714286,0
6/9/2020 00:00,7.964666667,0.732286961,-4.266666667,0.015768642,9.714285714,0
7/9/2020 00:00,7.622666667,0.742904419,-4.266666667,0.015861057,9.071428571,0
8/9/2020 00:00,7.862666667,0.760941861,-4.266666667,0.016484043,8.5,0
9/9/2020 00:00,7.759333333,0.761947176,-3.933333333,0.015102376,8.142857143,0
10/9/2020 00:00,8.029333333,0.720159706,-4.866666667,0.014488674,7.666666667,0
11/9/2020 00:00,8.24,0.73759055,-4.933333333,0.01465746,7.733333333,0
12/9/2020 00:00,8.167333333,0.731109447,-5.933333333,0.014617503,7.733333333,0
13/9/2020 00:00,8.156,0.73608328,-5.933333333,0.015026028,7.333333333,0
14/9/2020 00:00,8.276666667,0.686462365,-6.866666667,0.015187962,7.066666667,0
15/9/2020 00:00,8.313333333,0.682324931,-6.866666667,0.014562044,7,0
16/9/2020 00:00,8.534,0.689669505,-7.2,0.015201749,6.866666667,0
17/9/2020 00:00,8.519333333,0.717457687,-7.2,0.01481276,6.933333333,0
18/9/2020 00:00,8.597333333,0.713186463,-7.2,0.01415463,6.666666667,0
19/9/2020 00:00,8.574666667,0.69127438,-7.2,0.014548378,7.2,0
20/9/2020 00:00,8.837333333,0.693670143,-7.2,0.014581039,7.533333333,0
21/9/2020 00:00,8.846,0.702287543,-7.2,0.014276986,7.2,0
22/9/2020 00:00,9.379333333,0.687479266,-7.133333333,0.014230321,8.066666667,0
23/9/2020 00:00,9.054,0.660413563,-7.133333333,0.014343369,8.466666667,0
24/9/2020 00:00,9.160666667,0.656386503,-7.466666667,0.013928913,8.266666667,0
25/9/2020 00:00,9.282666667,0.690433047,-6.866666667,0.014468508,8.4,0
26/9/2020 00:00,9.185333333,0.645553927,-6.866666667,0.014381382,7.933333333,0
27/9/2020 00:00,9.13,0.632579464,-5.866666667,0.014249029,7.933333333,0
28/9/2020 00:00,9.058666667,0.631401011,-5.866666667,0.013896116,7.933333333,0
29/9/2020 00:00,9.138,0.642702599,-5.266666667,0.014646725,8.466666667,0
30/9/2020 00:00,9.158,0.64848569,-5.266666667,0.015190715,8.133333333,0
1/10/2020 00:00,9.035333333,0.64537071,-4.933333333,0.015086833,8.333333333,0
2/10/2020 00:00,9.222666667,0.646296637,-4.933333333,0.015394939,8.466666667,0
3/10/2020 00:00,9.138666667,0.652322248,-4.933333333,0.016727179,8.533333333,0
4/10/2020 00:00,9.064,0.674874154,-4.933333333,0.017891757,8,2
5/10/2020 00:00,9.13,0.671683771,-4.933333333,0.017970494,7.933333333,2
6/10/2020 00:00,9.230666667,0.648913422,-4.933333333,0.018613125,8.6,2
7/10/2020 00:00,9.166,0.614894441,-5.333333333,0.018648006,8.4,2
8/10/2020 00:00,9.27,0.621984954,-5.333333333,0.01798205,8.466666667,2
9/10/2020 00:00,8.946666667,0.618357081,-5.333333333,0.018036734,8.4,2
10/10/2020 00:00,9.116,0.620093194,-5.333333333,0.018266875,9.333333333,2
11/10/2020 00:00,9.06,0.617949403,-5.333333333,0.01924911,9.4,2
12/10/2020 00:00,9.243333333,0.624848059,-5.333333333,0.019956566,9.733333333,2
13/10/2020 00:00,9.336666667,0.610446766,-5.333333333,0.020132191,10.13333333,2
14/10/2020 00:00,9.283333333,0.640442476,-5.333333333,0.019031475,10.6,2
15/10/2020 00:00,9.224,0.612653028,-5.4,0.018895668,10.8,2
16/10/2020 00:00,9.146666667,0.57006261,-5.4,0.018430896,10.06666667,2
17/10/2020 00:00,8.998,0.557197111,-5.4,0.017801041,9.666666667,2
18/10/2020 00:00,8.82,0.507164623,-5.4,0.016879892,9.133333333,2
19/10/2020 00:00,8.977333333,0.465913686,-5.4,0.015659106,9.666666667,0
20/10/2020 00:00,8.834,0.450793013,-5.4,0.01549861,9.2,6
21/10/2020 00:00,8.831333333,0.449981802,-5.4,0.016037404,9.133333333,6
22/10/2020 00:00,8.872,0.48482926,-5.066666667,0.016696081,9.466666667,6
23/10/2020 00:00,8.716666667,0.488196264,-5.066666667,0.017362087,9.4,6
24/10/2020 00:00,8.862,0.466576122,-5.4,0.018379472,9.333333333,6
26/10/2020 00:00,8.539333333,0.471308266,-5.4,0.018180778,8.666666667,6
27/10/2020 00:00,8.528666667,0.50678539,-5.4,0.017699223,9.133333333,6
28/10/2020 00:00,8.525333333,0.521600204,-5.4,0.017108276,8.933333333,6
29/10/2020 00:00,8.75,0.528052781,-5.4,0.017270938,9.4,6
30/10/2020 00:00,8.642666667,0.529547754,-5.4,0.017882903,8.733333333,6
31/10/2020 00:00,8.89,0.542342098,-5.333333333,0.017942114,8.933333333,6
1/11/2020 00:00,8.904666667,0.59314538,-5.333333333,0.018428695,9.133333333,6
2/11/2020 00:00,8.826,0.574386945,-6,0.018486248,9.066666667,6
3/11/2020 00:00,8.806666667,0.577140981,-6,0.018682107,9.066666667,6
4/11/2020 00:00,8.823333333,0.581517218,-6,0.018516112,9.133333333,6
5/11/2020 00:00,8.804666667,0.588896962,-6.333333333,0.019926377,9.533333333,0
6/11/2020 00:00,8.518,0.588760348,-6.266666667,0.018331876,9.4,0
7/11/2020 00:00,8.381333333,0.574845818,-6.266666667,0.017662237,8.933333333,0
8/11/2020 00:00,8.466,0.568055692,-6.266666667,0.017044909,9.2,0
9/11/2020 00:00,8.702666667,0.584741713,-5.933333333,0.016399243,9.466666667,0
10/11/2020 00:00,8.862,0.584376149,-5.933333333,0.016931251,9.533333333,0
11/11/2020 00:00,8.746,0.550148301,-5.933333333,0.016283336,9,0
12/11/2020 00:00,8.745333333,0.507006258,-6.933333333,0.015760382,8.4,0
13/11/2020 00:00,8.503333333,0.479096389,-6.933333333,0.016252538,7.2,0
14/11/2020 00:00,8.603333333,0.473839472,-6.933333333,0.016449901,7.733333333,0
15/11/2020 00:00,8.182666667,0.46371553,-7,0.016713424,7.4,0
16/11/2020 00:00,8.297333333,0.443470797,-7.333333333,0.01674514,8.133333333,0
17/11/2020 00:00,8.54,0.462771495,-7,0.018627517,8.866666667,0
18/11/2020 00:00,8.589333333,0.488795663,-7,0.018296138,9.666666667,0
19/11/2020 00:00,8.458666667,0.468919427,-7,0.019026859,9.066666667,0
20/11/2020 00:00,8.43,0.466521273,-6.666666667,0.017581942,9.266666667,0
21/11/2020 00:00,8.346,0.455347736,-6.4,0.018264402,9.285714286,0
22/11/2020 00:00,8.468666667,0.456040132,-6.4,0.018370184,9.642857143,0
23/11/2020 00:00,8.291333333,0.457049601,-6.4,0.018412934,9.214285714,0
24/11/2020 00:00,8.234666667,0.456178523,-6.4,0.019183129,9.571428571,0
25/11/2020 00:00,8.256666667,0.444825499,-6.4,0.018627605,10,0
26/11/2020 00:00,8.519333333,0.504944906,-6.466666667,0.019276459,10.21428571,0
27/11/2020 00:00,8.437333333,0.527053749,-5.466666667,0.020212061,10.78571429,0
28/11/2020 00:00,8.602666667,0.550272954,-8.066666667,0.020174762,11.92857143,0
29/11/2020 00:00,8.417333333,0.549367279,-8.666666667,0.01930471,11.71428571,0
30/11/2020 00:00,8.735333333,0.553211846,-9.066666667,0.019351969,12.28571429,0
1/12/2020 00:00,8.749333333,0.533928101,-9.466666667,0.020771926,11.92857143,0
2/12/2020 00:00,8.608666667,0.528530375,-9.4,0.019846006,11.35714286,0
3/12/2020 00:00,8.654666667,0.53495877,-10,0.020269703,11.42857143,0
4/12/2020 00:00,8.655333333,0.560483439,-10.06666667,0.019833196,12.14285714,0
5/12/2020 00:00,8.6,0.54773522,-10.06666667,0.019808954,11.57142857,0
6/12/2020 00:00,9.066,0.554947135,-10.4,0.019861388,11.46666667,0
7/12/2020 00:00,9.112,0.523028214,-11.06666667,0.020020066,10.6,0
8/12/2020 00:00,9.211333333,0.511098389,-11.06666667,0.020567601,10.33333333,0
9/12/2020 00:00,9.146666667,0.511490549,-11.06666667,0.019820333,10,0
10/12/2020 00:00,9.312666667,0.494234299,-11.2,0.019742781,9.533333333,0
11/12/2020 00:00,9.220666667,0.458168884,-11.13333333,0.019656706,9.933333333,0
12/12/2020 00:00,9.266666667,0.485050604,-12.4,0.020317344,9.666666667,0
13/12/2020 00:00,9.149333333,0.488744104,-9.8,0.020584858,9.6,0
14/12/2020 00:00,9.494666667,0.471349554,-9.533333333,0.020839895,9.066666667,0
15/12/2020 00:00,9.558,0.465711252,-9.066666667,0.020706403,8.733333333,0
16/12/2020 00:00,9.493333333,0.481367816,-8.333333333,0.019164013,8.8,0
17/12/2020 00:00,9.698666667,0.484986237,-8.133333333,0.019154516,9.133333333,0
18/12/2020 00:00,9.772,0.476751406,-7.533333333,0.019713818,9.133333333,0
19/12/2020 00:00,9.843333333,0.478012479,-7.8,0.020701166,9.333333333,0
20/12/2020 00:00,9.852666667,0.466861053,-8.133333333,0.020806853,9.133333333,0
21/12/2020 00:00,9.72,0.48726044,-8.133333333,0.021037712,8.733333333,0
22/12/2020 00:00,9.578,0.512892099,-7.466666667,0.021682908,9.266666667,0
23/12/2020 00:00,9.644666667,0.541225433,-7.4,0.021484477,9.2,0
24/12/2020 00:00,9.670666667,0.544862579,-7.4,0.021803458,9.4,0
25/12/2020 00:00,9.491333333,0.557556738,-7.266666667,0.022214264,9.666666667,0
26/12/2020 00:00,9.290666667,0.559208875,-7.6,0.021848714,9.4,0
27/12/2020 00:00,9.256666667,0.50870256,-6.733333333,0.020546792,9,0
28/12/2020 00:00,9.333333333,0.500420015,-6.733333333,0.020022276,8.466666667,0
29/12/2020 00:00,9.09,0.500065405,-6.866666667,0.020183132,9.266666667,0
30/12/2020 00:00,8.854,0.497075763,-7.2,0.020433763,9.266666667,0
31/12/2020 00:00,8.952666667,0.49145504,-7.2,0.020227821,9.2,0
1/1/2021 00:00,8.750666667,0.502249885,-7.133333333,0.01973469,9.266666667,0
2/1/2021 00:00,8.736666667,0.511019979,-7.133333333,0.020840225,8.933333333,0
3/1/2021 00:00,8.685333333,0.506472184,-6.8,0.019702715,8.666666667,0
4/1/2021 00:00,8.516666667,0.502273646,-7.533333333,0.020479051,8.4,0
5/1/2021 00:00,8.458666667,0.443760697,-7.533333333,0.019873994,8.2,0
6/1/2021 00:00,8.406,0.465427366,-7.533333333,0.019184177,8.066666667,0
7/1/2021 00:00,8.285333333,0.420903557,-7.733333333,0.01895628,8,0
8/1/2021 00:00,8.278666667,0.434775483,-7.733333333,0.018952275,8.066666667,0
9/1/2021 00:00,8.144,0.442003557,-7.866666667,0.018483901,7.866666667,0
10/1/2021 00:00,8.150666667,0.462533237,-7.533333333,0.019015817,8,0
11/1/2021 00:00,8.190666667,0.460632306,-7.266666667,0.019899281,8,0
12/1/2021 00:00,8.194,0.455966944,-7.466666667,0.020463782,8.066666667,0
13/1/2021 00:00,8.574,0.465734518,-7,0.019890953,7.933333333,0
14/1/2021 00:00,8.618,0.448319988,-6.666666667,0.020226992,7.333333333,0
15/1/2021 00:00,8.343333333,0.450228591,-7.733333333,0.021986325,7.333333333,0
16/1/2021 00:00,8.356666667,0.446065324,-8.133333333,0.02257163,7.4,0
17/1/2021 00:00,8.207333333,0.433661851,-8.133333333,0.020638495,7.333333333,0
18/1/2021 00:00,8.141333333,0.413696709,-8.333333333,0.021560415,6.8,0
19/1/2021 00:00,8.140666667,0.441132147,-7.266666667,0.020733457,7.4,0
20/1/2021 00:00,8.145333333,0.464684778,-7.266666667,0.020795525,8.066666667,0
21/1/2021 00:00,8.120666667,0.428024214,-7.4,0.020722521,7.933333333,0
22/1/2021 00:00,7.999333333,0.443354474,-7.266666667,0.020508288,8.066666667,0
24/1/2021 00:00,7.530666667,0.420128472,-6.933333333,0.020736971,7.714285714,0
27/1/2021 00:00,7.203333333,0.404875193,-6.466666667,0.021359932,7.692307692,0
30/1/2021 00:00,6.851333333,0.37528146,-6.133333333,0.021357876,7.666666667,0
2/2/2021 00:00,6.4,0.398750945,-5.666666667,0.020966416,8.272727273,0
3/2/2021 00:00,6.425333333,0.404768484,-36.73333333,0.021978396,8.181818182,0
4/2/2021 00:00,6.16,0.386968745,-36.4,0.022913134,7.727272727,0
5/2/2021 00:00,6.072,0.406755775,-36.46666667,0.021973227,8.363636364,0
6/2/2021 00:00,6.155333333,0.408011757,-35.4,0.021274648,8.181818182,0
7/2/2021 00:00,6.261333333,0.415162257,-35,0.02225214,8.363636364,0
8/2/2021 00:00,6.403333333,0.414257303,-35.33333333,0.023481493,8.727272727,0
9/2/2021 00:00,6.364,0.437563814,-35.26666667,0.022596994,9.363636364,0
10/2/2021 00:00,6.614,0.441479895,-36.33333333,0.023612194,9.545454545,0
11/2/2021 00:00,6.616,0.43309245,-36.33333333,0.024858025,9.090909091,0
12/2/2021 00:00,6.789333333,0.442156557,-36.2,0.025615271,9.727272727,0
13/2/2021 00:00,6.941333333,0.451909763,-36.2,0.026779045,10.54545455,0
14/2/2021 00:00,7.466,0.454314718,-36.53333333,0.026861212,10.5,0
15/2/2021 00:00,7.964,0.453737318,-36.86666667,0.026889246,10.38461538,0
16/2/2021 00:00,8.532,0.447041795,-37.93333333,0.027570549,10.35714286,0
17/2/2021 00:00,9.096666667,0.445016786,-39.33333333,0.026957231,10.53333333,0
18/2/2021 00:00,8.865333333,0.44384958,-8.266666667,0.025906804,10.46666667,0
19/2/2021 00:00,8.851333333,0.450856981,-8.666666667,0.027024787,10.86666667,0
20/2/2021 00:00,8.926,0.455754971,-9.466666667,0.027564752,11.26666667,0
21/2/2021 00:00,9.05,0.448737427,-10.46666667,0.026574219,11.53333333,0
22/2/2021 00:00,9.052,0.43282706,-11.4,0.025318075,10.86666667,0
23/2/2021 00:00,8.849333333,0.423758535,-13.8,0.024948807,10.4,0
24/2/2021 00:00,9.135333333,0.429972744,-14.4,0.026994005,10.73333333,0
25/2/2021 00:00,8.824666667,0.426073171,-13.53333333,0.026704929,10.33333333,0
26/2/2021 00:00,8.826,0.439862851,-14.2,0.026312713,10.73333333,0
27/2/2021 00:00,8.699333333,0.438554563,-14.2,0.02626069,10.6,0
28/2/2021 00:00,8.756666667,0.443595762,-15.26666667,0.027058583,10.66666667,0
1/3/2021 00:00,8.708666667,0.447018487,-15.26666667,0.027331176,11.06666667,0
2/3/2021 00:00,8.705333333,0.449654701,-15.6,0.026349093,11.06666667,0
3/3/2021 00:00,8.508,0.466680343,-15,0.025442458,11,0
4/3/2021 00:00,8.226666667,0.472235899,-14.53333333,0.02501117,10.73333333,0
5/3/2021 00:00,8.434666667,0.47484788,-14.4,0.025803449,10.93333333,0
7/3/2021 00:00,8.140666667,0.48729626,-14.33333333,0.023759935,10.46666667,0
8/3/2021 00:00,8.185333333,0.487308485,-14.33333333,0.023876676,10.26666667,0
9/3/2021 00:00,8.054,0.487407323,-13.33333333,0.024028266,9.933333333,0
10/3/2021 00:00,8.053333333,0.486851768,-12.93333333,0.025608965,10.33333333,0
11/3/2021 00:00,8.106666667,0.504233662,-10.2,0.025664307,10.8,0
12/3/2021 00:00,7.768,0.504066896,-10.06666667,0.023870777,10.46666667,0
13/3/2021 00:00,8.09,0.50253001,-10.13333333,0.026060381,11.2,0
14/3/2021 00:00,8.075333333,0.50260389,-9.733333333,0.025798632,11.2,0
15/3/2021 00:00,7.993333333,0.520363636,-10.4,0.025502335,11.2,0
16/3/2021 00:00,8.106666667,0.51680808,-10,0.025522297,10.86666667,0
17/3/2021 00:00,8.153333333,0.510222962,-10.2,0.024124407,10.26666667,0
18/3/2021 00:00,8.227333333,0.514912914,-11,0.024839976,10.4,0
19/3/2021 00:00,8.376,0.494204733,-11.2,0.025351141,10.33333333,0
20/3/2021 00:00,8.572666667,0.493630021,-11,0.025986888,10.6,0
21/3/2021 00:00,8.514666667,0.483237927,-10.93333333,0.025264826,10.73333333,0
22/3/2021 00:00,8.685333333,0.477596903,-10.93333333,0.026058837,11,0
23/3/2021 00:00,8.722,0.46234738,-10.06666667,0.025004035,10.33333333,4
24/3/2021 00:00,8.759333333,0.484178367,-10.4,0.024890434,10.53333333,4
25/3/2021 00:00,8.830666667,0.479906335,-10.26666667,0.02349672,10.33333333,4
26/3/2021 00:00,9.045333333,0.476115815,-10.26666667,0.023164344,10.26666667,4
27/3/2021 00:00,9.200666667,0.46990577,-9.666666667,0.022634508,10.06666667,4
28/3/2021 00:00,9.13,0.479451063,-9.733333333,0.020127015,9.866666667,4
29/3/2021 00:00,9.131333333,0.481578723,-9.466666667,0.01981524,9.8,4
30/3/2021 00:00,9.232666667,0.47844147,-8.8,0.019429245,9.8,6
31/3/2021 00:00,9.091333333,0.475575975,-8.133333333,0.017942969,10,6
1/4/2021 00:00,9.019333333,0.475893435,-7.933333333,0.018423994,10.33333333,6
2/4/2021 00:00,8.864,0.450501647,-6.8,0.017659571,9.666666667,8
3/4/2021 00:00,8.755333333,0.474105755,-6.466666667,0.01652369,10,8
4/4/2021 00:00,8.818,0.472926082,-6.066666667,0.017065109,9.933333333,8
5/4/2021 00:00,8.752666667,0.482585442,-6.066666667,0.016261501,9.933333333,8
6/4/2021 00:00,8.822666667,0.472477674,-6.066666667,0.015935322,9.666666667,8
7/4/2021 00:00,8.68,0.487903563,-6.066666667,0.015937721,10.13333333,4
8/4/2021 00:00,8.724666667,0.468150476,-5.733333333,0.016100013,10,4
9/4/2021 00:00,8.427333333,0.473315616,-5.333333333,0.015590908,9.8,4
10/4/2021 00:00,8.362,0.475582657,-5.333333333,0.015269587,10.26666667,4
11/4/2021 00:00,8.411333333,0.477662168,-5.333333333,0.015309395,10.66666667,6
12/4/2021 00:00,8.311333333,0.487745865,-5.133333333,0.014869198,10.26666667,6
13/4/2021 00:00,8.283333333,0.482072105,-6,0.015073539,10.06666667,6
14/4/2021 00:00,8.331333333,0.489004425,-6.4,0.015710633,10.26666667,4
15/4/2021 00:00,8.352,0.490078539,-6.466666667,0.015993937,10.13333333,4
16/4/2021 00:00,8.270666667,0.505316636,-6.466666667,0.015376052,9.6,4
17/4/2021 00:00,8.31,0.514263245,-6.733333333,0.016568556,9.8,2
18/4/2021 00:00,8.426,0.511611518,-6.733333333,0.017012754,9.866666667,2
19/4/2021 00:00,8.376666667,0.532693637,-6.8,0.020595284,9.733333333,2
20/4/2021 00:00,8.108,0.538189955,-6.8,0.020920691,9.133333333,2
21/4/2021 00:00,7.961333333,0.519393293,-6.8,0.021193434,8.8,2
22/4/2021 00:00,8.198666667,0.524784131,-7,0.02176624,9,2
23/4/2021 00:00,8.187333333,0.532901997,-7,0.02137597,9.466666667,2
24/4/2021 00:00,8.432666667,0.530288022,-7,0.021708284,9.866666667,2
25/4/2021 00:00,8.623333333,0.546145313,-7,0.021628844,9.4,2
26/4/2021 00:00,8.556666667,0.572381953,-7.066666667,0.023208153,9.066666667,0
27/4/2021 00:00,8.692,0.571422202,-8,0.029154895,8.733333333,0
28/4/2021 00:00,8.888,0.576656362,-8.333333333,0.029595783,9.133333333,0
29/4/2021 00:00,8.793333333,0.590383199,-8.333333333,0.03446244,8.733333333,0
30/4/2021 00:00,8.816666667,0.585561853,-8.733333333,0.034583252,8.733333333,0
1/5/2021 00:00,9.02,0.590208316,-8.866666667,0.040346254,8.733333333,0
2/5/2021 00:00,9.069333333,0.592593053,-9.133333333,0.039718513,9.266666667,0
3/5/2021 00:00,9.040666667,0.575745653,-9.266666667,0.039582458,9,0
4/5/2021 00:00,8.984,0.562921987,-9.666666667,0.034851183,9,0
5/5/2021 00:00,9.248666667,0.589271913,-9.666666667,0.035110446,8.866666667,0
6/5/2021 00:00,9.171333333,0.615910387,-9.733333333,0.034689789,9.133333333,0
7/5/2021 00:00,9.026,0.636153727,-9.533333333,0.03431127,9.066666667,0
8/5/2021 00:00,8.879333333,0.632831681,-10.6,0.034911129,8.533333333,0
10/5/2021 00:00,9.104666667,0.663319483,-10.73333333,0.035406221,9.066666667,0
11/5/2021 00:00,8.952,0.668142487,-11.2,0.035444951,9,0
12/5/2021 00:00,9.028666667,0.657003517,-11.8,0.03364173,9.466666667,0
13/5/2021 00:00,8.893333333,0.646945341,-10.73333333,0.027454557,9.933333333,0
14/5/2021 00:00,8.766,0.651942203,-9.533333333,0.034504632,9.733333333,0
15/5/2021 00:00,8.886666667,0.641225259,-9.466666667,0.029062695,10.2,0
16/5/2021 00:00,9.016666667,0.661097593,-9,0.029012677,10.2,0
17/5/2021 00:00,8.869333333,0.618673349,-9.466666667,0.02406966,10.06666667,0
18/5/2021 00:00,8.750666667,0.649883955,-8.933333333,0.024048223,10,0
19/5/2021 00:00,8.693333333,0.667952356,-9.133333333,0.024506962,10.2,0
20/5/2021 00:00,8.731333333,0.644565173,-8.666666667,0.024533103,9.6,0
21/5/2021 00:00,8.780666667,0.587889342,-9.666666667,0.024210604,9.466666667,0
22/5/2021 00:00,9.054,0.572092619,-9.666666667,0.025261214,9.533333333,0
23/5/2021 00:00,9.043333333,0.541157452,-9.666666667,0.025256259,9.6,0
24/5/2021 00:00,8.891333333,0.554832665,-8.6,0.024500148,9.666666667,0
25/5/2021 00:00,8.512,0.555393217,-9.266666667,0.025170762,9.133333333,0
26/5/2021 00:00,8.548,0.515171553,-9.333333333,0.024943609,8.933333333,0
27/5/2021 00:00,8.599333333,0.480673501,-8.666666667,0.025188549,8.133333333,0
28/5/2021 00:00,8.686,0.448151503,-9.8,0.027972426,7.466666667,0
29/5/2021 00:00,8.905333333,0.455928145,-9.8,0.020645723,7.133333333,0
30/5/2021 00:00,9,0.439186606,-9.533333333,0.022206951,6.642857143,0
31/5/2021 00:00,8.930666667,0.428530246,-10.06666667,0.02215964,7.142857143,0
1/6/2021 00:00,8.837333333,0.458802357,-9.466666667,0.022518444,7.642857143,0
2/6/2021 00:00,8.800666667,0.45852901,-9.666666667,0.022800732,7.5,0
3/6/2021 00:00,8.899333333,0.473291441,-9.333333333,0.021889134,7.357142857,0
4/6/2021 00:00,8.922,0.47992497,-9.8,0.022759527,7.5,0
5/6/2021 00:00,8.978,0.533206096,-8.933333333,0.023238548,8.071428571,0
6/6/2021 00:00,8.856,0.563547978,-9.4,0.022693889,8.142857143,0
7/6/2021 00:00,8.7,0.593560421,-9.466666667,0.02233584,8,0
8/6/2021 00:00,8.85,0.594708014,-9.8,0.023000564,7.714285714,0
10/6/2021 00:00,8.849333333,0.572151619,-9.666666667,0.021532553,7.142857143,0
11/6/2021 00:00,8.887333333,0.613715352,-9.2,0.022032924,7.571428571,0
12/6/2021 00:00,8.868666667,0.670887294,-9.2,0.021669034,7.642857143,0
13/6/2021 00:00,8.89,0.721982451,-8.066666667,0.018952844,8.357142857,0
14/6/2021 00:00,8.741333333,0.708327623,-8.066666667,0.018359886,9.071428571,0
15/6/2021 00:00,8.534,0.718050228,-8,0.01697506,9.2,0
16/6/2021 00:00,8.582666667,0.685210147,-7.933333333,0.017015165,8.2,0
17/6/2021 00:00,8.341333333,0.657127118,-7.6,0.015721158,7.733333333,0
18/6/2021 00:00,8.54,0.662828824,-7.4,0.014858239,7.733333333,0
19/6/2021 00:00,8.55,0.660499104,-7.533333333,0.015392337,7.666666667,0
20/6/2021 00:00,8.330666667,0.651190928,-7.066666667,0.014360148,7.866666667,0
21/6/2021 00:00,8.28,0.60975981,-6.933333333,0.014565372,7.466666667,0
22/6/2021 00:00,8.44,0.608897926,-6.4,0.014480177,7.733333333,0
23/6/2021 00:00,8.632666667,0.569243779,-6.333333333,0.014441581,7.2,0
24/6/2021 00:00,8.743333333,0.54369717,-6,0.013713285,7.266666667,0
25/6/2021 00:00,8.920666667,0.556679627,-5.333333333,0.013553929,7.733333333,0
26/6/2021 00:00,8.725333333,0.547648578,-5.333333333,0.013090312,7.466666667,0
28/6/2021 00:00,8.590666667,0.497128685,-5.333333333,0.013204883,7.333333333,0
29/6/2021 00:00,8.689333333,0.49394257,-5.4,0.013464505,7.133333333,0
30/6/2021 00:00,8.487333333,0.504918729,-5.4,0.013457836,6.8,0
1/7/2021 00:00,8.425333333,0.507582126,-5.466666667,0.014093089,6.333333333,0
2/7/2021 00:00,8.582,0.554276993,-5,0.013522074,7,0
3/7/2021 00:00,8.958,0.605621206,-5.333333333,0.013940917,7.133333333,0
4/7/2021 00:00,8.947333333,0.568329938,-5.333333333,0.014452629,7,0
5/7/2021 00:00,8.929333333,0.554888988,-5.466666667,0.014648067,6.933333333,0
6/7/2021 00:00,9.043333333,0.554222321,-5.466666667,0.014806019,6.666666667,0
7/7/2021 00:00,9.089333333,0.583983089,-5.466666667,0.013810815,7.2,0
8/7/2021 00:00,8.835333333,0.584914273,-5.466666667,0.013470472,6.8,0
9/7/2021 00:00,9,0.58725462,-5.533333333,0.014211197,6.8,0
10/7/2021 00:00,8.981333333,0.574123307,-5.6,0.014106129,6.6,0
11/7/2021 00:00,8.936666667,0.579415953,-6,0.014810676,6.333333333,0
12/7/2021 00:00,9.052,0.577284686,-6,0.015330444,6.333333333,0
13/7/2021 00:00,9.069333333,0.58454275,-6.066666667,0.015832041,6.4,0
14/7/2021 00:00,8.695333333,0.567229675,-6.8,0.016136567,6,0
15/7/2021 00:00,8.674,0.566305671,-6.866666667,0.016091566,5.666666667,0
16/7/2021 00:00,8.431333333,0.542890529,-6.466666667,0.015467531,5.785714286,0
17/7/2021 00:00,8.275333333,0.503529601,-7.066666667,0.016104659,5,0
18/7/2021 00:00,8.429333333,0.504564655,-8.266666667,0.016336732,5.285714286,0
19/7/2021 00:00,8.494,0.486038934,-8.266666667,0.015645979,4.928571429,0
20/7/2021 00:00,8.539333333,0.503424685,-9.533333333,0.015564206,5.071428571,0
21/7/2021 00:00,8.727333333,0.552353256,-9.533333333,0.016135387,5.357142857,0
22/7/2021 00:00,8.524,0.54952912,-9.533333333,0.016221252,5.5,0
23/7/2021 00:00,8.797333333,0.555504996,-9.533333333,0.016268843,5.5,0
24/7/2021 00:00,8.578666667,0.581103384,-9.466666667,0.015470815,6.285714286,0
25/7/2021 00:00,8.34,0.616368436,-9.4,0.015288399,6.571428571,0
26/7/2021 00:00,8.463333333,0.570077577,-9,0.015645142,6.285714286,0
27/7/2021 00:00,8.508,0.586752891,-9.333333333,0.0157657,6.357142857,0
28/7/2021 00:00,8.614,0.580800511,-9.266666667,0.015261551,6.285714286,0
29/7/2021 00:00,8.980666667,0.568879022,-8.466666667,0.014936439,6.928571429,0
30/7/2021 00:00,9.160666667,0.574706958,-8.4,0.016135684,6.928571429,0
31/7/2021 00:00,9.548,0.591948714,-9.333333333,0.015878538,6.733333333,0
1/8/2021 00:00,9.272,0.637166576,-9.133333333,0.015366929,6.933333333,0
2/8/2021 00:00,8.897333333,0.595665765,-8.333333333,0.014936788,6.466666667,0
3/8/2021 00:00,8.988,0.601546735,-8.733333333,0.01575051,6.466666667,0
4/8/2021 00:00,9.043333333,0.589866637,-7.2,0.015192388,6.733333333,0
5/8/2021 00:00,9.035333333,0.556690537,-7.2,0.014737392,7.066666667,0
6/8/2021 00:00,9.221333333,0.529534389,-7.2,0.015333733,6.266666667,0
7/8/2021 00:00,9.078,0.480244441,-7.533333333,0.015384386,5.933333333,0
8/8/2021 00:00,9.039333333,0.495015938,-7.533333333,0.015881911,5.8,0
9/8/2021 00:00,9.422666667,0.500171106,-7.6,0.016645707,5.866666667,0
10/8/2021 00:00,9.110666667,0.518950136,-7.6,0.015759227,6.466666667,0
11/8/2021 00:00,9.061333333,0.46988571,-7.2,0.015313806,5.866666667,0
12/8/2021 00:00,9.082,0.472498472,-7.2,0.015306647,6.4,0
13/8/2021 00:00,8.984666667,0.485764969,-7.2,0.017298582,6.2,0
14/8/2021 00:00,8.935333333,0.487347018,-7.2,0.017200609,6.4,0
15/8/2021 00:00,8.892,0.441500203,-6.6,0.017562148,6.333333333,0
16/8/2021 00:00,9.024666667,0.411136038,-6.2,0.018657553,6.6,0
17/8/2021 00:00,9.202,0.454155644,-5.8,0.018774369,6.866666667,0
18/8/2021 00:00,8.915333333,0.454455994,-6.066666667,0.018216086,6.933333333,0
19/8/2021 00:00,8.690666667,0.44548938,-6.066666667,0.018649221,6.6,0
20/8/2021 00:00,8.597333333,0.430688134,-6.066666667,0.018659715,5.933333333,0
21/8/2021 00:00,8.778,0.463501744,-6.4,0.018889356,6.733333333,0
22/8/2021 00:00,9.172666667,0.499297195,-6.066666667,0.019235049,7.733333333,0
23/8/2021 00:00,9.225333333,0.488570378,-6.066666667,0.019466447,7.933333333,0
24/8/2021 00:00,9.005333333,0.453211187,-6,0.019215984,7.466666667,0
25/8/2021 00:00,9.175333333,0.482020566,-6,0.019439769,7,0
26/8/2021 00:00,9.116666667,0.523962925,-6,0.019427118,7.4,0
27/8/2021 00:00,9.141333333,0.520406258,-6,0.019484349,6.866666667,0
28/8/2021 00:00,9.022,0.522774681,-6,0.017805625,7.066666667,0
29/8/2021 00:00,9.254,0.485591974,-6.4,0.017491064,6.8,0
30/8/2021 00:00,9.248666667,0.484122936,-6.4,0.016891614,6.733333333,0
31/8/2021 00:00,9.274666667,0.492677035,-6.4,0.015678155,7.066666667,0
1/9/2021 00:00,9.348,0.463868775,-6.4,0.015903944,7.533333333,0
2/9/2021 00:00,9.444,0.458166728,-5.8,0.01619429,7.4,0
3/9/2021 00:00,9.558,0.485724657,-5.8,0.016060463,6.933333333,0
4/9/2021 00:00,9.28,0.500621196,-5.8,0.015653059,7.066666667,0
5/9/2021 00:00,9.178666667,0.500735358,-5.466666667,0.014888359,6.866666667,0
6/9/2021 00:00,8.821333333,0.504095891,-5.466666667,0.014534325,6.533333333,0
7/9/2021 00:00,8.679333333,0.491080017,-5.466666667,0.014132082,6.2,0
8/9/2021 00:00,8.837333333,0.485291008,-6.4,0.014351114,6.2,0
9/9/2021 00:00,8.586666667,0.480828494,-6.466666667,0.015160742,6.4,0
10/9/2021 00:00,8.92,0.467823444,-6.8,0.016202393,6.666666667,0
11/9/2021 00:00,9.036666667,0.512873041,-7.2,0.016701323,7,0
12/9/2021 00:00,9.279333333,0.522971081,-7.2,0.016337634,6.733333333,0
13/9/2021 00:00,9.104,0.513742945,-7.466666667,0.015875235,6.533333333,0
14/9/2021 00:00,9.011333333,0.549689291,-7.466666667,0.016132871,7,0
15/9/2021 00:00,9.042666667,0.561090996,-8.133333333,0.016291256,7,0
16/9/2021 00:00,9.158,0.572018659,-8.533333333,0.016329753,7.333333333,0
17/9/2021 00:00,9.158666667,0.621021113,-8.466666667,0.016130391,8.133333333,0
18/9/2021 00:00,9.102666667,0.599051417,-9.266666667,0.016451656,8.533333333,0
19/9/2021 00:00,9.116666667,0.613599885,-10.26666667,0.017054353,8.866666667,0
20/9/2021 00:00,8.855333333,0.576933953,-11.13333333,0.016788399,8.4,0
21/9/2021 00:00,8.809333333,0.580139079,-11.13333333,0.016789063,7.933333333,0
22/9/2021 00:00,8.799333333,0.60936985,-11.13333333,0.016675545,7.6,0
23/9/2021 00:00,8.788,0.656481755,-11,0.016622726,7.733333333,0
24/9/2021 00:00,8.898666667,0.647855641,-10.93333333,0.015706505,7.933333333,0
25/9/2021 00:00,8.396,0.624081132,-10.6,0.014162541,7.266666667,0
26/9/2021 00:00,8.153333333,0.606521306,-10.2,0.013368756,7.357142857,0
27/9/2021 00:00,7.964,0.606772756,-12.13333333,0.013138043,7.428571429,0
28/9/2021 00:00,7.927333333,0.600388188,-11.46666667,0.013133069,7.357142857,0
29/9/2021 00:00,8.012666667,0.562946985,-11.46666667,0.013036918,6.857142857,0
30/9/2021 00:00,7.976,0.517569628,-10.8,0.012918357,6,0
1/10/2021 00:00,7.816666667,0.525386503,-10.86666667,0.012525963,5.214285714,0
2/10/2021 00:00,7.738666667,0.473788305,-10.86666667,0.012274091,4.428571429,0
3/10/2021 00:00,7.693333333,0.482234248,-10.46666667,0.011853374,4.214285714,0
4/10/2021 00:00,8.144,0.501052119,-9.933333333,0.011945283,4.285714286,0
5/10/2021 00:00,8.186,0.500761759,-9.066666667,0.012291888,4.142857143,0
6/10/2021 00:00,8.367333333,0.484873119,-9.6,0.012837631,5,0
7/10/2021 00:00,8.648666667,0.42997167,-10.73333333,0.013363223,4.928571429,0
8/10/2021 00:00,8.486666667,0.421255077,-10.6,0.012775814,5.642857143,0
10/10/2021 00:00,8.668666667,0.417132601,-10.6,0.012709399,5.785714286,0
11/10/2021 00:00,8.952,0.431238243,-10.6,0.013847452,6.714285714,0
12/10/2021 00:00,8.674666667,0.42340406,-10.6,0.013975894,6.533333333,0
13/10/2021 00:00,8.827333333,0.381775038,-8.666666667,0.014264792,6.133333333,0
14/10/2021 00:00,8.774,0.388731118,-8.666666667,0.014245607,6.133333333,0
15/10/2021 00:00,8.803333333,0.388295226,-9,0.014585651,6.133333333,0
16/10/2021 00:00,8.978,0.428878559,-9,0.01480393,6.866666667,0
17/10/2021 00:00,8.859333333,0.416098326,-8.533333333,0.014946368,7.066666667,0
18/10/2021 00:00,8.788,0.43631338,-8.533333333,0.014860795,7.6,0
19/10/2021 00:00,8.756666667,0.413924326,-8.133333333,0.015007487,7.6,0
20/10/2021 00:00,8.321333333,0.382534012,-8.666666667,0.014806073,7.466666667,0
21/10/2021 00:00,8.619333333,0.403241082,-8.666666667,0.015727499,8.333333333,0
22/10/2021 00:00,8.407333333,0.39878209,-8.533333333,0.016024181,7.933333333,0
23/10/2021 00:00,8.43,0.432027243,-7.4,0.015662165,9.066666667,0
24/10/2021 00:00,8.625333333,0.394873769,-7.066666667,0.016139168,8.266666667,0
25/10/2021 00:00,8.574,0.389853087,-7.066666667,0.01676362,8.333333333,0
26/10/2021 00:00,8.37,0.375157452,-7.066666667,0.016007337,7.466666667,0
28/10/2021 00:00,8.646,0.367411143,-7.533333333,0.016418054,7.266666667,0
29/10/2021 00:00,8.532,0.394501093,-7.533333333,0.016825578,8,0
30/10/2021 00:00,8.710666667,0.411664037,-7.533333333,0.017391194,8.866666667,0
31/10/2021 00:00,8.644,0.452504392,-7.2,0.017560569,9.4,0
1/11/2021 00:00,8.362666667,0.442447809,-7.2,0.017282598,9.2,0
2/11/2021 00:00,8.516,0.419852105,-7.2,0.017245093,8.666666667,0
3/11/2021 00:00,8.681333333,0.401064226,-7.2,0.017770547,8.066666667,0
4/11/2021 00:00,8.803333333,0.402382697,-7.2,0.017999593,8.266666667,0
5/11/2021 00:00,9.185333333,0.409441705,-6.2,0.018963228,8.6,0
6/11/2021 00:00,8.943333333,0.418364263,-6.933333333,0.018032313,7.8,0
7/11/2021 00:00,9.082666667,0.427652652,-6.533333333,0.017603131,8.266666667,0
8/11/2021 00:00,8.963333333,0.425367032,-6.533333333,0.017468922,7.933333333,0
9/11/2021 00:00,8.816666667,0.456421053,-6.2,0.018082112,8.333333333,0
10/11/2021 00:00,8.702,0.462193549,-6.2,0.017524374,8.266666667,0
11/11/2021 00:00,9.031333333,0.49013448,-6.2,0.017790861,8.866666667,0
12/11/2021 00:00,9.04,0.502455952,-5.733333333,0.018764873,9.533333333,0
13/11/2021 00:00,9.113333333,0.471210321,-6.4,0.018764064,8.8,0
14/11/2021 00:00,8.88,0.450375329,-6.866666667,0.017976797,8,0
15/11/2021 00:00,8.955333333,0.442705249,-7.2,0.017998856,8.333333333,0
16/11/2021 00:00,8.996666667,0.445585905,-7.2,0.018387274,8.2,0
17/11/2021 00:00,8.884666667,0.474836069,-7.2,0.018379127,9,0
18/11/2021 00:00,8.860666667,0.520290615,-7.2,0.01818222,9.666666667,0
19/11/2021 00:00,8.848,0.512273697,-7.2,0.017769444,9.733333333,0
20/11/2021 00:00,8.568666667,0.517759184,-7.2,0.016641377,9.733333333,0
21/11/2021 00:00,8.522,0.534264817,-6.466666667,0.016707763,10.2,0
22/11/2021 00:00,8.288666667,0.534447467,-6.533333333,0.016432237,9.733333333,0
23/11/2021 00:00,7.898666667,0.529129954,-6.533333333,0.016664772,9.133333333,0
24/11/2021 00:00,7.656666667,0.530249847,-6.466666667,0.01582958,8.933333333,0
25/11/2021 00:00,7.781333333,0.496860896,-6.466666667,0.016247696,8.333333333,0
26/11/2021 00:00,7.487333333,0.507661172,-6.8,0.016244381,8.333333333,0
27/11/2021 00:00,7.4,0.531783378,-7.266666667,0.015305812,8.333333333,0
28/11/2021 00:00,7.142666667,0.562605728,-6.933333333,0.014658033,8.666666667,0
29/11/2021 00:00,7.049333333,0.602279873,-7,0.01512775,8.866666667,0
30/11/2021 00:00,6.962666667,0.607923615,-6.733333333,0.014561566,8.4,0
1/12/2021 00:00,6.921333333,0.600927731,-6.733333333,0.014503418,8.6,0
2/12/2021 00:00,6.92,0.602392931,-7.266666667,0.014560067,8.533333333,0
3/12/2021 00:00,6.927333333,0.589558041,-7.266666667,0.014824467,8.666666667,0
4/12/2021 00:00,6.765333333,0.607984881,-7.266666667,0.015404236,8.533333333,0
5/12/2021 00:00,6.830666667,0.603789794,-7.266666667,0.015475612,8.466666667,0
6/12/2021 00:00,6.884,0.585487314,-7.266666667,0.015508445,8.933333333,0
7/12/2021 00:00,7.059333333,0.585939586,-7.2,0.016053708,9,0
8/12/2021 00:00,7.386666667,0.584791809,-7.2,0.016009777,9.2,0
9/12/2021 00:00,7.588666667,0.55017023,-7.266666667,0.01692264,9.066666667,0
10/12/2021 00:00,7.457333333,0.607191719,-7.933333333,0.016797744,9.066666667,0
11/12/2021 00:00,7.47,0.574570409,-8.133333333,0.016744824,8.8,0
12/12/2021 00:00,7.642666667,0.567693051,-7.666666667,0.017360974,8.866666667,0
13/12/2021 00:00,7.871333333,0.573133889,-7.733333333,0.018411111,9.666666667,0
14/12/2021 00:00,8.038,0.559857839,-7.6,0.019076583,10,0
15/12/2021 00:00,7.904,0.542089537,-7.866666667,0.019441091,9.866666667,0
16/12/2021 00:00,7.972,0.536301669,-8.266666667,0.020224923,9.733333333,0
17/12/2021 00:00,8.116666667,0.521315206,-7.733333333,0.021477846,9.6,0
18/12/2021 00:00,7.947333333,0.48822417,-9,0.021799299,8.8,0
19/12/2021 00:00,8.060666667,0.500059921,-9,0.021255005,8.933333333,0
20/12/2021 00:00,8.152,0.491999114,-9,0.021730932,8.866666667,0
21/12/2021 00:00,7.92,0.464354656,-18.4,0.021829153,7.866666667,0
22/12/2021 00:00,7.928,0.458310927,-18.8,0.021416755,7.933333333,0
23/12/2021 00:00,8.016666667,0.460271711,-18.8,0.021365297,8.066666667,0
24/12/2021 00:00,8.216666667,0.463590408,-36.2,0.021059708,8,0
25/12/2021 00:00,8.185333333,0.43741183,-35.53333333,0.021098872,8.533333333,0
26/12/2021 00:00,8.394,0.453071167,-35,0.021311091,8.933333333,0
27/12/2021 00:00,8.260666667,0.446169457,-35.73333333,0.021946469,8.933333333,0
28/12/2021 00:00,8.182,0.453523227,-38.33333333,0.02155955,8.466666667,0
29/12/2021 00:00,8.266666667,0.444783195,-37.93333333,0.020790593,8.533333333,0
30/12/2021 00:00,8.244666667,0.423265782,-38.33333333,0.020824367,8.266666667,0
31/12/2021 00:00,8.435333333,0.417938763,-37.93333333,0.020395063,8.333333333,0
1/1/2022 00:00,8.312666667,0.409258367,-37.93333333,0.019678137,8,0
2/1/2022 00:00,8.519333333,0.431675519,-36.66666667,0.019783873,8.8,0
3/1/2022 00:00,8.504,0.416506439,-36.66666667,0.020071488,8.733333333,0
4/1/2022 00:00,8.462666667,0.416910479,-36.8,0.020328268,8.8,0
5/1/2022 00:00,8.664,0.429777711,-27.8,0.020921303,9.266666667,0
6/1/2022 00:00,8.596,0.435612049,-27.4,0.020955718,9.266666667,0
7/1/2022 00:00,8.729333333,0.34448055,-28.8,0.021320753,8.933333333,0
8/1/2022 00:00,8.506666667,0.359728472,-11.53333333,0.021302226,9.4,0
9/1/2022 00:00,8.652666667,0.357402496,-11.8,0.021212091,9.6,0
10/1/2022 00:00,8.440666667,0.356233188,-11.8,0.021247417,9.333333333,0
11/1/2022 00:00,8.392,0.341034776,-11.2,0.020099042,8.933333333,0
12/1/2022 00:00,8.344666667,0.319351276,-8.266666667,0.020566628,8.8,0
13/1/2022 00:00,8.284666667,0.328778885,-8.266666667,0.021252768,8.666666667,0
14/1/2022 00:00,8.458,0.346139996,-7.6,0.02150129,9.2,0
15/1/2022 00:00,8.146,0.34295447,-7.6,0.021360211,8.866666667,0
16/1/2022 00:00,8.604,0.34411675,-8.8,0.022515303,9.666666667,0
17/1/2022 00:00,8.664,0.351926596,-8.866666667,0.021993183,9.333333333,0
18/1/2022 00:00,8.592666667,0.341479263,-8.866666667,0.022122137,9.266666667,0
19/1/2022 00:00,8.440666667,0.322844725,-28.66666667,0.021387879,8.733333333,0
20/1/2022 00:00,8.499333333,0.329087414,-28.26666667,0.020793158,8.666666667,0
21/1/2022 00:00,8.764,0.295515466,-29,0.021079798,7.933333333,0
22/1/2022 00:00,8.601333333,0.385571694,-28.13333333,0.021349207,8.266666667,0
23/1/2022 00:00,8.405333333,0.392931002,-28,0.021296572,7.933333333,0
24/1/2022 00:00,8.247333333,0.389482483,-27.73333333,0.021449064,7.6,0
25/1/2022 00:00,8.314666667,0.384383062,-28.13333333,0.021893936,7.6,0
26/1/2022 00:00,8.558666667,0.393717559,-28.26666667,0.02229145,7.933333333,0
27/1/2022 00:00,8.692,0.374458299,-29.13333333,0.021881235,7.4,0
28/1/2022 00:00,8.617333333,0.370245631,-29.26666667,0.021136438,7.466666667,0
29/1/2022 00:00,8.787333333,0.379471823,-29.2,0.021927273,7.933333333,0
30/1/2022 00:00,8.907333333,0.394694046,-29.2,0.021532239,8.2,0
31/1/2022 00:00,8.382666667,0.402299467,-28.06666667,0.020580779,7.666666667,0
1/2/2022 00:00,8.159333333,0.400379345,-28,0.020835541,7.733333333,0
2/2/2022 00:00,8.231333333,0.386382233,-35.8,0.023070362,7.333333333,0
3/2/2022 00:00,8.278,0.408784887,-16.2,0.023691522,7.8,0
4/2/2022 00:00,8.118,0.413007565,-16.2,0.023477334,7.933333333,0
5/2/2022 00:00,7.903333333,0.435927444,-15.46666667,0.023258723,8.466666667,0
6/2/2022 00:00,8.093333333,0.433638799,-14.93333333,0.022775223,8.333333333,0
7/2/2022 00:00,8.34,0.425744062,-15.53333333,0.022275694,8.533333333,0
8/2/2022 00:00,8.398,0.440923681,-15.53333333,0.022605559,8.533333333,0
9/2/2022 00:00,8.296666667,0.445757734,-15.13333333,0.022147736,8.533333333,0
10/2/2022 00:00,8,0.444850366,-15.53333333,0.021641536,8.266666667,0
11/2/2022 00:00,7.943333333,0.463525579,-14.6,0.021546459,8.866666667,0
12/2/2022 00:00,8.005333333,0.478741755,-14.86666667,0.022055653,8.933333333,0
13/2/2022 00:00,7.68,0.484017195,-15.06666667,0.020693196,8.4,0
14/2/2022 00:00,7.914666667,0.488856702,-14.73333333,0.021140326,9.066666667,0
15/2/2022 00:00,8.26,0.468104729,-37.6,0.021712956,8.666666667,0
16/2/2022 00:00,8.388666667,0.486596051,-37.6,0.021801172,8.933333333,0
17/2/2022 00:00,8.480666667,0.521834147,-33.13333333,0.020164912,9.466666667,0
18/2/2022 00:00,8.626,0.499586498,-36.13333333,0.020437938,8.866666667,0
19/2/2022 00:00,8.711333333,0.500461711,-36.86666667,0.021120123,8.866666667,0
20/2/2022 00:00,8.554666667,0.508021583,-36.86666667,0.020741307,8.933333333,0
21/2/2022 00:00,8.536,0.511385498,-37.8,0.022137758,9.333333333,0
22/2/2022 00:00,8.61,0.518613568,-37.2,0.022726556,9.666666667,0
23/2/2022 00:00,8.390666667,0.485179983,-41.53333333,0.021782989,9.133333333,0
24/2/2022 00:00,8.545333333,0.484971751,-42.13333333,0.022374544,9.214285714,0
25/2/2022 00:00,8.656666667,0.497723687,-44.46666667,0.023443215,9.571428571,0
26/2/2022 00:00,8.781333333,0.512060236,-48.86666667,0.024383181,10,0
27/2/2022 00:00,8.596,0.496063861,-50.66666667,0.024138321,9.785714286,0
28/2/2022 00:00,8.742,0.490590621,-53.8,0.026006155,10.07142857,0
1/3/2022 00:00,8.755333333,0.483976864,-54.13333333,0.025729023,9.857142857,0
2/3/2022 00:00,8.45,0.504677715,-31.2,0.024186084,10,0
3/3/2022 00:00,8.219333333,0.303743136,-30.86666667,0.024345324,9.769230769,0
4/3/2022 00:00,7.998,0.260885994,-27.46666667,0.023093766,9.230769231,0
5/3/2022 00:00,7.976666667,0.316710338,-23.8,0.024419556,9.692307692,0
6/3/2022 00:00,8.117333333,0.239190781,-23.46666667,0.026481669,9.615384615,0
7/3/2022 00:00,8.094,0.263476495,-23.73333333,0.028452727,9.230769231,0
8/3/2022 00:00,7.822,0.287670041,-24.07142857,0.029916018,8.846153846,0
9/3/2022 00:00,7.622666667,0.304009327,-24.07142857,0.03124162,8.384615385,0
10/3/2022 00:00,7.860666667,0.352114283,-19.5,0.03345502,9,0
11/3/2022 00:00,7.618666667,0.359348898,-18.85714286,0.033475038,8.857142857,0
12/3/2022 00:00,7.124,0.34112683,-15.64285714,0.031088741,8.615384615,0
13/3/2022 00:00,6.882,0.358103878,-11.64285714,0.030307839,7.769230769,0
14/3/2022 00:00,6.906666667,0.389260956,-9.285714286,0.029899489,7.307692308,0
15/3/2022 00:00,6.930666667,0.399043064,-5.714285714,0.029990266,6.846153846,0
16/3/2022 00:00,6.478666667,0.420726735,-5.714285714,0.03148615,5.923076923,0
17/3/2022 00:00,6.694,0.4454826,-5.928571429,0.034303326,6.307692308,0
18/3/2022 00:00,6.739333333,0.598957504,-6.285714286,0.034027808,6.071428571,0
19/3/2022 00:00,6.95,0.650533904,-6.357142857,0.036638828,6.428571429,0
20/3/2022 00:00,6.924666667,0.649502504,-6.714285714,0.035992594,6.428571429,0
21/3/2022 00:00,6.706666667,0.749557244,-6.642857143,0.034753458,6.214285714,0
,,,,,,
,,,,,,
,,,,,,
,,,,,,
,,,,,,
,,,,,,
,,,,,,
,,,,,,
,,,,,,
,,,,,,
,,,,,,
,,,,,,
,,,,,,
,,,,,,
